,Local,xG_local,xG_visita,Visita,diferencia
0,Atlético San Luis,1.2598425196850394,1.6125984251968504,Atlas,-0.0
1,Mazatlán,1.2598425196850394,1.411023622047244,Puebla,-0.0
2,Xolos,2.4188976377952756,1.2598425196850394,León,1.0
3,Pachuca,0.7559055118110236,0.45354330708661417,Querétaro,0.0
4,Chivas,2.5398425196850387,0.9070866141732283,Juárez,2.0
5,Monterrey,0.8062992125984252,1.8141732283464567,Toluca,-1.0
6,Cruz Azul,1.9955905511811023,0.18141732283464565,América,2.0
7,Pumas,0.6047244094488189,1.0582677165354328,Tigres,-0.0
8,Santos,0.30236220472440944,2.015748031496063,Necaxa,-2.0
