,Local,xG_local,xG_visita,Visita,diferencia
0,Puebla,1.8729303041971503,0.6438197920677705,Querétaro,1.0
1,Atlas,1.2547169811320755,0.4182389937106919,Pachuca,1.0
2,Juárez,1.0754716981132075,2.0314465408805034,Mazatlán,-1.0
3,Tigres,1.5363881401617254,0.6145552560646901,Atlético San Luis,1.0
4,Necaxa,1.5932914046121596,1.5335429769392037,Pumas,0.0
5,Toluca,2.065588499550764,1.1949685534591197,Xolos,1.0
6,América,0.6970649895178199,2.3899371069182394,Chivas,-2.0
7,León,0.23899371069182393,2.9874213836477987,Cruz Azul,-3.0
8,Santos,0.8779360800924144,1.5802849441663462,Monterrey,-1.0
