,Equipo Local,xG_local,xG_visita,Equipo Visita
0,Atlético San Luis,0.6749999999999999,0.6749999999999999,Atlas
1,Mazatlán Fútbol Club,1.6799999999999997,0.8399999999999999,Puebla
2,Xolos,1.65,0.6749999999999999,León FC
3,Pachuca,1.2,0.13333333333333333,Gallos Blancos
4,Chivas,2.1,0.0,Bravos
5,Rayados,0.44999999999999996,4.2,Toluca
6,Cruz Azul,0.8999999999999999,0.39999999999999997,América
7,Pumas,0.35000000000000003,0.7999999999999999,Tigres
8,Santos Laguna,0.3,2.6999999999999997,Necaxa
