,Equipo Local,xG_local,xG_visita,Equipo Visita,dif
0,Xolos,3.3,0.8999999999999999,Santos Laguna,2.4
1,Pachuca,0.44999999999999996,1.1999999999999997,Toluca,-0.7499999999999998
2,Atlético San Luis,0.6749999999999999,1.0125,Cruz Azul,-0.3375
3,América,0.39999999999999997,0.5999999999999999,Atlas,-0.1999999999999999
4,Gallos Blancos,0.049999999999999996,1.2,Tigres,-1.15
5,Pumas,1.96,1.1199999999999997,Puebla,0.8400000000000003
6,Chivas,1.4000000000000001,0.0,León FC,1.4000000000000001
7,Mazatlán Fútbol Club,0.6,1.3499999999999999,Necaxa,-0.7499999999999999
8,Rayados,0.8999999999999999,1.7500000000000002,Bravos,-0.8500000000000003
